{"cameraMode":{"drawMode":0,"name":"Shaded","section":"Shading Mode"},"sceneLighting":false,"audioPlay":false,"sceneViewState":{"m_AlwaysRefresh":false,"showFog":true,"showSkybox":true,"showFlares":true,"showImageEffects":true,"showParticleSystems":true,"showVisualEffectGraphs":true,"m_FxEnabled":true},"in2DMode":false,"pivot":{"x":16.894805908203126,"y":-20.425477981567384,"z":31.860179901123048},"rotation":{"x":-0.3054242730140686,"y":-0.2071762979030609,"z":0.06826761364936829,"w":-0.9268929362297058},"size":19.235492706298829,"orthographic":false}